{"mwaddrkey":"","wap_android360_fontsize":"12","isA11yConfigEnabled":false,"watchos_notificationcentericon_42":"","wap_android440_fontsize":"12","apppackagekey":"","nativeContainerProperties":{"isEnableJSContainerAndroid":false,"isModified":false,"isEnableJSContaineriOS":false,"isEnableJSContainer":false},"wap_android400_fontsize":"12","wap_spaandroidtabhdpi_fontsize":"12","watchos_homeScreen40":"","cordovaVersionInfo":{"useGlobalCordova":false},"appversionkey":"1.0.0","watchos_longlooknotificationicon_38":"","project.type":"js","startupformkey":"","wap_bb480_fontsize":"12","wap_winphone480_fontsize":"12","wap_android640_fontsize":"12","vendornamekey":"KonyLabs","wap_android320_fontsize":"12","createdgaversion":"7.3.0","watchos_notificationcentericon_38":"","isMVC":false,"desktopstartupformkey":"frmDashboard","watchos_shortlooknotificationicon_42":"","enableactionbar":false,"wap_android480_fontsize":"12","mastersProperties":{"mastersVersion":"2.0.0"},"wap_winphone320_fontsize":"12","watchos_longlooknotificationicon_42":"","watchos_companionSettings3x29":"","appmenu":{"tablet":{"data":[{"windows8":{"appBarButtonStyle":"No Style","position":"BOTTOM_LEFT"},"android":{"showAsFlag":0},"kuid":"ccf9f7e074c2449c9840db3584ebe1da","icon":{"default":"option1.png"},"id":"appmenuitemid1","title":"Item 1"},{"windows8":{"appBarButtonStyle":"No Style","position":"BOTTOM_LEFT"},"android":{"showAsFlag":0},"kuid":"de23035b5cb1436cb38e0adde359d534","icon":{"default":"option2.png"},"id":"appmenuitemid2","title":"Item 2"},{"windows8":{"appBarButtonStyle":"No Style","position":"BOTTOM_LEFT"},"android":{"showAsFlag":0},"kuid":"ab6006f570b34efe9a001c7bae50c770","icon":{"default":"option3.png"},"id":"appmenuitemid3","title":"Item 3"},{"windows8":{"appBarButtonStyle":"No Style","position":"BOTTOM_LEFT"},"android":{"showAsFlag":0},"kuid":"f04d97c7cadd4eadb4444f8e50eadb5f","icon":{"default":"option4.png"},"id":"appmenuitemid4","title":"Item 4"}]},"desktop":{"data":[{"kuid":"dcc5c504eb9743328a147711220aca66","icon":{"default":"option1.png"},"id":"appmenuitemid1","title":"Item 1"},{"kuid":"ece71a0e9b41455882d613f216b33909","icon":{"default":"option2.png"},"id":"appmenuitemid2","title":"Item 2"},{"kuid":"e1b1d326844b4f54aca1688c229d4b79","icon":{"default":"option3.png"},"id":"appmenuitemid3","title":"Item 3"},{"kuid":"e18cfe8897cf4e3e92b5f6e87e187cc1","icon":{"default":"option4.png"},"id":"appmenuitemid4","title":"Item 4"}]},"focusskin":null,"osVersion":"iOS7","wType":"Appmenu","focusSkin":null,"mobile":{"data":[{"kuid":"b141a8f57042450190e31129f7fed3f5","android":{"showAsFlag":0},"icon":{"default":"option1.png"},"id":"appmenuitemid1","title":"Item 1"},{"kuid":"g51a5ce9d1fa45c38ffc62b9efd0c7d3","android":{"showAsFlag":0},"icon":{"default":"option2.png"},"id":"appmenuitemid2","title":"Item 2"},{"kuid":"a2f67b7ed10b4f76b83d4894894f9704","android":{"showAsFlag":0},"icon":{"default":"option3.png"},"id":"appmenuitemid3","title":"Item 3"},{"kuid":"ge4c5c04c49c4b9a884b8ba2beadf517","android":{"showAsFlag":0},"icon":{"default":"option4.png"},"id":"appmenuitemid4","title":"Item 4"}]},"skin":null,"osPlatform":""},"wap_spaipad_fontsize":"12","mwportkey":"","watchos_watchMarketing1x":"","mwhttpsportkey":"","wap_bb440_fontsize":"12","wap_bb400_fontsize":"12","appidkey":"DashboardPremier","statusBarHidden":"false","wap_bb360_fontsize":"12","export.type":"studioviz","isNewAppWithRespectToAndroidPackageName":"","wap_spawindowstab_fontsize":"12","defaulttheme":"defaultTheme","watchos_companionSettings2x29":"","watchos_shortlooknotificationicon_38":"","appaddrkey":"","appnamekey":"DashboardPremier","currentgaversion":"7.3.0","wap_bb320_fontsize":"12","enableCordova":false,"wap_bb240_fontsize":"12","enableIdForAutomation":false,"mfappguid":{"36527109-09d0-4bd2-bb06-1026385a041e":"491cf53e-2c95-4c83-8c03-8294c2f8eb19"},"desktopwebbasefontsize":"15","wap_android240_fontsize":"12","wap_spaandroidtabldpi_fontsize":"12","wap_spaandroidtabmdpi_fontsize":"12","konyVizVersion":"7.3.0","isDpScaleFactor":true,"wap_spaandroidtab_fontsize":"12","referenceWidth":"375","winmobileguidkey":"","APPLICATION_THEME":"default","build":"debug","project_version":"sprint27","wap_ip_fontsize":"12","category":"app","createdVizVersion":"7.3.0"}