{
    "@class": "com.kony.gen.viz.model.component.KVizButton",
    "DNDConfig": null,
    "__parentReadjusting__": false,
    "_height_": {
        "type": "string",
        "value": "6%"
    },
    "_margin_": [
        6,
        6,
        6,
        6
    ],
    "_padding_": [
        0,
        0,
        0,
        0
    ],
    "_right_": {
        "type": "string",
        "value": "0%"
    },
    "_skin_": "sb2fafcd3b0e407eaea9805386aaf11f",
    "_text_": "X",
    "_top_": {
        "type": "string",
        "value": "0%"
    },
    "_width_": {
        "type": "string",
        "value": "3%"
    },
    "canUpdateUI": true,
    "containerweight": 100,
    "contentalignment": 5,
    "displaytext": true,
    "focusskin": "s33c93ca1eb14adf9ed7394eaf513239",
    "id": "btnCloseLead",
    "ide_onClick": "AS_Button_j3c670e1ff7c4af6a2beaac3d8d15bd5",
    "info": null,
    "isvisible": true,
    "kuid": "ab6f4d77053c4b63902bd5a69d91cffd",
    "name": "kony.ui.Button",
    "parent": "flxPopupLead",
    "pf": "frmDashboard",
    "wType": "Button",
    "zindex": 1
}