{
    "@class": "com.kony.gen.viz.model.component.KVizLabel",
    "DNDConfig": null,
    "__parentReadjusting__": false,
    "_height_": {
        "type": "string",
        "value": "83%"
    },
    "_left_": {
        "type": "string",
        "value": "74.35%"
    },
    "_margin_": [
        1,
        1,
        1,
        1
    ],
    "_padding_": [
        0,
        2,
        0,
        0
    ],
    "_skin_": "sfaf4785afdc46d89aeccfd2eaa10ff4",
    "_text_": "...",
    "_top_": {
        "type": "string",
        "value": "10%"
    },
    "_width_": {
        "type": "string",
        "value": "12%"
    },
    "_wrapping_": 2,
    "android": {
        "textStyle": {
            "letterSpacing": 0,
            "strikeThrough": false
        }
    },
    "canUpdateUI": true,
    "containerweight": 100,
    "contentalignment": 8,
    "id": "CloudMTTR",
    "info": null,
    "ipad": {
        "psp": {
            "wrapping": 2
        }
    },
    "iphone": {
        "psp": {
            "wrapping": 2
        }
    },
    "isvisible": true,
    "kuid": "d8cfddd94a4c4e19a927180067a97134",
    "name": "kony.ui.Label",
    "paddinginpixel": false,
    "parent": "flxCloudMTTR",
    "pf": "frmDashboard",
    "tooltip": "",
    "wType": "Label",
    "zindex": 1
}