{
    "@class": "com.kony.gen.viz.model.component.KVizListBox",
    "DNDConfig": null,
    "__parentReadjusting__": false,
    "_height_": {
        "type": "string",
        "value": "100%"
    },
    "_left_": {
        "type": "string",
        "value": "0%"
    },
    "_margin_": [
        0,
        0,
        0,
        0
    ],
    "_padding_": [
        0,
        0,
        0,
        0
    ],
    "_skin_": "s83176f2af354079b88804c6227c6a2f",
    "_top_": {
        "type": "string",
        "value": "0%"
    },
    "_width_": {
        "type": "string",
        "value": "100%"
    },
    "canUpdateUI": true,
    "containerweight": 100,
    "contentalignment": 4,
    "context": {
        "channel": "desktop",
        "formID": "frmDashboard",
        "platform": "desktopweb",
        "templateType": "forms",
        "topLevelBox": null
    },
    "groupcells": false,
    "id": "custList",
    "ide_onSelection": "AS_ListBox_h39b1ae60d734b4f8f0756fa644cfb57",
    "info": null,
    "isvisible": true,
    "kuid": "c447693c841c435ca760248d32a8d72c",
    "masterdata": [
        [
            "all",
            "All"
        ]
    ],
    "name": "kony.ui.ListBox",
    "parent": "flxList",
    "pf": "frmDashboard",
    "selectedkey": "all",
    "selectedkeys": null,
    "selectedkeyvalue": [
        "all",
        "All"
    ],
    "selectedkeyvalues": null,
    "size": 18,
    "viewconfig": {
        "toggleViewConfig": {
            "viewStyle": 0
        }
    },
    "viewtype": 0,
    "wType": "ListBox",
    "zindex": 1
}