{
    "DNDConfig": null,
    "__markedForDelete__": true,
    "__parentReadjusting__": false,
    "_height_": {
        "type": "string",
        "value": "12%"
    },
    "_left_": {
        "type": "string",
        "value": "10%"
    },
    "_margin_": [
        0,
        0,
        0,
        0
    ],
    "_orientation_": 6,
    "_padding_": [
        0,
        0,
        0,
        0
    ],
    "_percent_": true,
    "_skin_": "s1cf6cb91e42461ea37a2a4b22475b5c",
    "_top_": {
        "type": "string",
        "value": "2%"
    },
    "_width_": {
        "type": "string",
        "value": "90%"
    },
    "allboxes": [],
    "autogrowmode": 0,
    "canUpdateUI": true,
    "children": [
        "lblAutoClosure",
        "lblAutoSolvedCount",
        "imgDropDownAutoSolved"
    ],
    "clipbounds": true,
    "containerweight": 100,
    "enablescrolling": true,
    "id": "flxAutoClosure",
    "ide_onClick": "AS_FlexContainer_ac8f6b5ca75d43a78bb450e57661dbd8",
    "info": null,
    "isvisible": true,
    "kuid": "ba21515ecaa84c97bb5ae8c7e272fb4a",
    "layouttype": 2,
    "name": "kony.ui.FlexContainer",
    "parent": "flxLeadIndicator",
    "pf": "frmDashboard",
    "snapgridsize": 10,
    "snaptogrid": true,
    "wType": "FlexContainer",
    "widgetalignment": 1,
    "zindex": 1
}