{
    "DNDConfig": null,
    "__parentReadjusting__": false,
    "_height_": {
        "type": "string",
        "value": "40%"
    },
    "_left_": {
        "type": "string",
        "value": "25%"
    },
    "_margin_": [
        0,
        0,
        0,
        0
    ],
    "_orientation_": 6,
    "_padding_": [
        0,
        0,
        0,
        0
    ],
    "_percent_": true,
    "_skin_": "sf90c1924bdb4fef8a89b11dbf64868f",
    "_top_": {
        "type": "string",
        "value": "15px"
    },
    "_width_": {
        "type": "string",
        "value": "20%"
    },
    "allboxes": [],
    "autogrowmode": 0,
    "canUpdateUI": true,
    "children": [
        "custList"
    ],
    "clipbounds": true,
    "containerweight": 100,
    "enablescrolling": true,
    "id": "flxList",
    "info": null,
    "isvisible": true,
    "kuid": "f522efaf263746b9ace3c1bed45636a6",
    "layouttype": 2,
    "name": "kony.ui.FlexContainer",
    "parent": "flxHeader",
    "pf": "frmDashboard",
    "snapgridsize": 10,
    "snaptogrid": true,
    "wType": "FlexContainer",
    "widgetalignment": 1,
    "zindex": 1
}