{
    "DNDConfig": null,
    "__parentReadjusting__": false,
    "_height_": {
        "type": "string",
        "value": "33%"
    },
    "_left_": {
        "type": "string",
        "value": "0%"
    },
    "_margin_": [
        0,
        0,
        0,
        0
    ],
    "_orientation_": 6,
    "_padding_": [
        0,
        0,
        0,
        0
    ],
    "_percent_": true,
    "_skin_": "s6272bfc2ba24c969b12685a942b9013",
    "_top_": {
        "type": "string",
        "value": "0.90%"
    },
    "_width_": {
        "type": "string",
        "value": "100%"
    },
    "allboxes": [],
    "autogrowmode": 0,
    "canUpdateUI": true,
    "children": [
        "lblMttr21",
        "lblMttr22"
    ],
    "clipbounds": true,
    "containerweight": 100,
    "enablescrolling": true,
    "focusskin": "s1019d580c5a435aa6cadbadb941568b",
    "id": "flxMttr2",
    "ide_onClick": "AS_FlexContainer_baae8a13ecc54f9e8fe92df14677232c",
    "info": null,
    "isvisible": true,
    "kuid": "hf4b4bd42a8f4c1bb87a16ee63464c48",
    "layouttype": 2,
    "name": "kony.ui.FlexContainer",
    "parent": "flxMttrList",
    "pf": "frmDashboard",
    "snapgridsize": 10,
    "snaptogrid": true,
    "wType": "FlexContainer",
    "widgetalignment": 1,
    "zindex": 1
}