{
    "DNDConfig": null,
    "__markedForDelete__": true,
    "__parentReadjusting__": false,
    "_height_": {
        "type": "string",
        "value": "12%"
    },
    "_left_": {
        "type": "string",
        "value": "10%"
    },
    "_margin_": [
        0,
        0,
        0,
        0
    ],
    "_orientation_": 6,
    "_padding_": [
        0,
        0,
        0,
        0
    ],
    "_percent_": true,
    "_skin_": "s1cf6cb91e42461ea37a2a4b22475b5c",
    "_top_": {
        "type": "string",
        "value": "2%"
    },
    "_width_": {
        "type": "string",
        "value": "90%"
    },
    "allboxes": [],
    "autogrowmode": 0,
    "canUpdateUI": true,
    "children": [
        "lblMttr",
        "lblMTTRCount",
        "imgDropDownMttr"
    ],
    "clipbounds": true,
    "containerweight": 100,
    "enablescrolling": true,
    "id": "flxMttr",
    "ide_onClick": "AS_FlexContainer_cdc59487787b46219d4ed0934fd89c95",
    "info": null,
    "isvisible": true,
    "kuid": "fa65e5a992634f928161a1c810edea2f",
    "layouttype": 2,
    "name": "kony.ui.FlexContainer",
    "parent": "flxLagIndicator",
    "pf": "frmDashboard",
    "snapgridsize": 10,
    "snaptogrid": true,
    "wType": "FlexContainer",
    "widgetalignment": 1,
    "zindex": 1
}