{
    "DNDConfig": null,
    "__markedForDelete__": true,
    "__parentReadjusting__": false,
    "_height_": {
        "type": "string",
        "value": "12%"
    },
    "_left_": {
        "type": "string",
        "value": "10%"
    },
    "_margin_": [
        0,
        0,
        0,
        0
    ],
    "_orientation_": 6,
    "_padding_": [
        0,
        0,
        0,
        0
    ],
    "_percent_": true,
    "_skin_": "s1cf6cb91e42461ea37a2a4b22475b5c",
    "_top_": {
        "type": "string",
        "value": "4%"
    },
    "_width_": {
        "type": "string",
        "value": "90%"
    },
    "allboxes": [],
    "autogrowmode": 0,
    "canUpdateUI": true,
    "children": [
        "lblProblemStatement",
        "lblProblemStatementCount",
        "imgDropDownPS"
    ],
    "clipbounds": true,
    "containerweight": 100,
    "enablescrolling": true,
    "id": "flxProblemStatement",
    "ide_onClick": "AS_FlexContainer_h38ac08ac4374411bb27d5f1b589e6f0",
    "info": null,
    "isvisible": true,
    "kuid": "aca159d71c784b7cba25f0a2b95afa54",
    "layouttype": 2,
    "name": "kony.ui.FlexContainer",
    "parent": "flxQualityIndicators",
    "pf": "frmDashboard",
    "snapgridsize": 10,
    "snaptogrid": true,
    "wType": "FlexContainer",
    "widgetalignment": 1,
    "zindex": 1
}