{
    "DNDConfig": null,
    "__parentReadjusting__": false,
    "_height_": {
        "type": "string",
        "value": "33%"
    },
    "_left_": {
        "type": "string",
        "value": "0%"
    },
    "_margin_": [
        0,
        0,
        0,
        0
    ],
    "_orientation_": 6,
    "_padding_": [
        0,
        0,
        0,
        0
    ],
    "_percent_": true,
    "_skin_": "s543304684d64eee98323c42d209459b",
    "_top_": {
        "type": "string",
        "value": "0%"
    },
    "_width_": {
        "type": "string",
        "value": "100%"
    },
    "allboxes": [],
    "autogrowmode": 0,
    "canUpdateUI": true,
    "children": [
        "lblPSCloud0",
        "lblPSCloud1"
    ],
    "clipbounds": true,
    "containerweight": 100,
    "enablescrolling": true,
    "focusskin": "s1019d580c5a435aa6cadbadb941568b",
    "id": "flxProblemStatementCloud",
    "ide_onClick": "AS_FlexContainer_a9021af389d5431695bc94a941291ec1",
    "info": null,
    "isvisible": true,
    "kuid": "dff94514bbc44d849dfa23f246d0c27f",
    "layouttype": 2,
    "name": "kony.ui.FlexContainer",
    "parent": "flxProblemStatementList",
    "pf": "frmDashboard",
    "snapgridsize": 10,
    "snaptogrid": true,
    "wType": "FlexContainer",
    "widgetalignment": 1,
    "zindex": 1
}