{
    "DNDConfig": null,
    "__parentReadjusting__": false,
    "_height_": {
        "type": "string",
        "value": "100%"
    },
    "_left_": {
        "type": "string",
        "value": "0%"
    },
    "_margin_": [
        0,
        0,
        0,
        0
    ],
    "_orientation_": 6,
    "_padding_": [
        0,
        0,
        0,
        0
    ],
    "_percent_": true,
    "_skin_": "sa778e5a0f2f45f89f9989382f8c753d",
    "_top_": {
        "type": "string",
        "value": "0%"
    },
    "_width_": {
        "type": "string",
        "value": "24%"
    },
    "allboxes": [],
    "autogrowmode": 0,
    "canUpdateUI": true,
    "children": [
        "flxQualityInd",
        "flxProblemStatement",
        "flxProblemStatementList",
        "flxSeverityJustification",
        "flxSeverityJustificationList",
        "flxCustomerDiscussion",
        "flxCustomerDiscussionList",
        "flxRootCause",
        "flxRootCauseList",
        "flxSolution",
        "flxSolutionList"
    ],
    "clipbounds": true,
    "containerweight": 100,
    "enablescrolling": true,
    "id": "flxQualityIndicators",
    "info": null,
    "isvisible": true,
    "kuid": "gcf9ab9662234da898ad3a263882da30",
    "layouttype": 4,
    "name": "kony.ui.FlexContainer",
    "parent": "flxIndicators",
    "pf": "frmDashboard",
    "snapgridsize": 10,
    "snaptogrid": true,
    "wType": "FlexContainer",
    "widgetalignment": 1,
    "zindex": 1
}