{
    "DNDConfig": null,
    "__parentReadjusting__": false,
    "_height_": {
        "type": "string",
        "value": "33%"
    },
    "_left_": {
        "type": "string",
        "value": "0%"
    },
    "_margin_": [
        0,
        0,
        0,
        0
    ],
    "_orientation_": 6,
    "_padding_": [
        0,
        0,
        0,
        0
    ],
    "_percent_": true,
    "_skin_": "s6e619b3aeb84b1386680b76477980e8",
    "_top_": {
        "type": "string",
        "value": "0.60%"
    },
    "_width_": {
        "type": "string",
        "value": "100%"
    },
    "allboxes": [],
    "autogrowmode": 0,
    "canUpdateUI": true,
    "children": [
        "lblRCCloud0",
        "lblRCCloud1"
    ],
    "clipbounds": true,
    "containerweight": 100,
    "enablescrolling": true,
    "focusskin": "s1019d580c5a435aa6cadbadb941568b",
    "id": "flxRCCloud",
    "ide_onClick": "AS_FlexContainer_fe983421b10343a1943a6ffb72370307",
    "info": null,
    "isvisible": true,
    "kuid": "db9a54bfaa0f46e1beeb0d06e75a3732",
    "layouttype": 2,
    "name": "kony.ui.FlexContainer",
    "parent": "flxRootCauseList",
    "pf": "frmDashboard",
    "snapgridsize": 10,
    "snaptogrid": true,
    "wType": "FlexContainer",
    "widgetalignment": 1,
    "zindex": 1
}