{
    "DNDConfig": null,
    "__parentReadjusting__": false,
    "_height_": {
        "type": "string",
        "value": "33%"
    },
    "_left_": {
        "type": "string",
        "value": "0%"
    },
    "_margin_": [
        0,
        0,
        0,
        0
    ],
    "_orientation_": 6,
    "_padding_": [
        0,
        0,
        0,
        0
    ],
    "_percent_": true,
    "_skin_": "s3f8512459d2475586e3a85f7a45ad1e",
    "_top_": {
        "type": "string",
        "value": "0.50%"
    },
    "_width_": {
        "type": "string",
        "value": "100%"
    },
    "allboxes": [],
    "autogrowmode": 0,
    "canUpdateUI": true,
    "children": [
        "lblRCProduct0",
        "lblRCProduct1"
    ],
    "clipbounds": true,
    "containerweight": 100,
    "enablescrolling": true,
    "focusskin": "s1019d580c5a435aa6cadbadb941568b",
    "id": "flxRCProduct",
    "ide_onClick": "AS_FlexContainer_c4627af2a9a748acb6464317548a6377",
    "info": null,
    "isvisible": true,
    "kuid": "adb11397d8824c6fb70b663af39e6163",
    "layouttype": 2,
    "name": "kony.ui.FlexContainer",
    "parent": "flxRootCauseList",
    "pf": "frmDashboard",
    "snapgridsize": 10,
    "snaptogrid": true,
    "wType": "FlexContainer",
    "widgetalignment": 1,
    "zindex": 2
}