{
    "DNDConfig": null,
    "__parentReadjusting__": false,
    "_height_": {
        "type": "string",
        "value": "33%"
    },
    "_left_": {
        "type": "string",
        "value": "0%"
    },
    "_margin_": [
        0,
        0,
        0,
        0
    ],
    "_orientation_": 6,
    "_padding_": [
        0,
        0,
        0,
        0
    ],
    "_percent_": true,
    "_skin_": "s3f8512459d2475586e3a85f7a45ad1e",
    "_top_": {
        "type": "string",
        "value": "0.50%"
    },
    "_width_": {
        "type": "string",
        "value": "100%"
    },
    "allboxes": [],
    "autogrowmode": 0,
    "canUpdateUI": true,
    "children": [
        "lblRB11",
        "lblRB12"
    ],
    "clipbounds": true,
    "containerweight": 100,
    "enablescrolling": true,
    "focusskin": "s1019d580c5a435aa6cadbadb941568b",
    "id": "flxRB1",
    "ide_onClick": "AS_FlexContainer_edd7b91eb76a431d89a6ccba4c687b4e",
    "info": null,
    "isvisible": true,
    "kuid": "j4e252fa96d241a2970f9bd5da6572b7",
    "layouttype": 2,
    "name": "kony.ui.FlexContainer",
    "parent": "flxRBList",
    "pf": "frmDashboard",
    "snapgridsize": 10,
    "snaptogrid": true,
    "wType": "FlexContainer",
    "widgetalignment": 1,
    "zindex": 2
}