{
    "DNDConfig": null,
    "__markedForDelete__": true,
    "__parentReadjusting__": false,
    "_height_": {
        "type": "string",
        "value": "12%"
    },
    "_left_": {
        "type": "string",
        "value": "10%"
    },
    "_margin_": [
        0,
        0,
        0,
        0
    ],
    "_orientation_": 6,
    "_padding_": [
        0,
        0,
        0,
        0
    ],
    "_percent_": true,
    "_skin_": "s1cf6cb91e42461ea37a2a4b22475b5c",
    "_top_": {
        "type": "string",
        "value": "2%"
    },
    "_width_": {
        "type": "string",
        "value": "90%"
    },
    "allboxes": [],
    "autogrowmode": 0,
    "canUpdateUI": true,
    "children": [
        "lblResolutionBreached",
        "lblRBCount",
        "imgDropDownRB"
    ],
    "clipbounds": true,
    "containerweight": 100,
    "enablescrolling": true,
    "id": "flxResolutionBreached",
    "ide_onClick": "AS_FlexContainer_cb5fc2d8e93a47b2b53e44bb84987204",
    "info": null,
    "isvisible": true,
    "kuid": "c0fdf8e585874e38b243d0b428dfa1af",
    "layouttype": 2,
    "name": "kony.ui.FlexContainer",
    "parent": "flxLagIndicator",
    "pf": "frmDashboard",
    "snapgridsize": 10,
    "snaptogrid": true,
    "wType": "FlexContainer",
    "widgetalignment": 1,
    "zindex": 1
}