{
    "DNDConfig": null,
    "__parentReadjusting__": false,
    "_height_": {
        "type": "string",
        "value": "33%"
    },
    "_left_": {
        "type": "string",
        "value": "0%"
    },
    "_margin_": [
        0,
        0,
        0,
        0
    ],
    "_orientation_": 6,
    "_padding_": [
        0,
        0,
        0,
        0
    ],
    "_percent_": true,
    "_skin_": "sb7d62957d144aaa800b7fccf5ff85e8",
    "_top_": {
        "type": "string",
        "value": "0.80%"
    },
    "_width_": {
        "type": "string",
        "value": "100%"
    },
    "allboxes": [],
    "autogrowmode": 0,
    "canUpdateUI": true,
    "children": [
        "lblSolProduct0",
        "lblSolProduct1"
    ],
    "clipbounds": true,
    "containerweight": 100,
    "enablescrolling": true,
    "focusskin": "s1019d580c5a435aa6cadbadb941568b",
    "id": "flxSolProduct",
    "ide_onClick": "AS_FlexContainer_g97736514e924776b98995df0cd7e9b5",
    "info": null,
    "isvisible": true,
    "kuid": "f26bb5ad82c3474db622cbaf542abe93",
    "layouttype": 2,
    "name": "kony.ui.FlexContainer",
    "parent": "flxSolutionList",
    "pf": "frmDashboard",
    "snapgridsize": 10,
    "snaptogrid": true,
    "wType": "FlexContainer",
    "widgetalignment": 1,
    "zindex": 1
}