{
    "DNDConfig": null,
    "__parentReadjusting__": false,
    "_height_": {
        "type": "string",
        "value": "33%"
    },
    "_left_": {
        "type": "string",
        "value": "0%"
    },
    "_margin_": [
        0,
        0,
        0,
        0
    ],
    "_orientation_": 6,
    "_padding_": [
        0,
        0,
        0,
        0
    ],
    "_percent_": true,
    "_skin_": "s6272bfc2ba24c969b12685a942b9013",
    "_top_": {
        "type": "string",
        "value": "0.90%"
    },
    "_width_": {
        "type": "string",
        "value": "100%"
    },
    "allboxes": [],
    "autogrowmode": 0,
    "canUpdateUI": true,
    "children": [
        "lblSLACloud0",
        "lblSLACloud1"
    ],
    "clipbounds": true,
    "containerweight": 100,
    "enablescrolling": true,
    "focusskin": "s1019d580c5a435aa6cadbadb941568b",
    "id": "flxSLACloud",
    "ide_onClick": "AS_FlexContainer_dac53b0d5a4e433483f03909a95da541",
    "info": null,
    "isvisible": true,
    "kuid": "be3080f6a56646b48170868551f8f53a",
    "layouttype": 2,
    "name": "kony.ui.FlexContainer",
    "parent": "flxSLAList",
    "pf": "frmDashboard",
    "snapgridsize": 10,
    "snaptogrid": true,
    "wType": "FlexContainer",
    "widgetalignment": 1,
    "zindex": 1
}