{
    "@class": "com.kony.gen.viz.model.container.KVizScrollFlexForm",
    "DNDConfig": null,
    "_margin_": [
        0,
        0,
        0,
        0
    ],
    "_orientation_": 1,
    "_padding_": [
        0,
        0,
        0,
        0
    ],
    "_percent_": true,
    "_skin_": "s9ae3e0d2f41445a90d2353f10286688",
    "_title_": null,
    "addWidgetsdone": false,
    "allboxes": [],
    "android": {
        "psp": {
            "windowSoftInputMode": 2
        }
    },
    "canUpdateUI": true,
    "canvasWidth": 1400,
    "children": [
        "flxHeader",
        "flxIndicators",
        "flxCharts",
        "flxPopupLead",
        "flxPopupLag",
        "imgRefresh"
    ],
    "containerweight": 100,
    "currentLocale": "default",
    "desktopweb": {
        "needAppMenu": false
    },
    "device": "desktopweb",
    "displayorientation": 1,
    "enabledforidletimeout": false,
    "id": "frmDashboard",
    "ide_init": "AS_Form_gbe490a63a0d420eb3e8024f1be2c48e",
    "info": null,
    "initdone": false,
    "inputaccessoryviewtype": 4,
    "ipad": {
        "psp": {
            "inputAccessoryViewType": 4
        }
    },
    "iphone": {
        "psp": {
            "inputAccessoryViewType": 4
        }
    },
    "isvisible": true,
    "kiosk": {
        "psp": {
            "enableScrolling": false
        }
    },
    "kuid": "b050cc760d5244c2a898d2164fd8666a",
    "layouttype": 2,
    "name": "kony.ui.Form2",
    "needappmenu": true,
    "paddinginpixel": false,
    "platform": "desktopweb",
    "prevDevice": "desktopweb",
    "prevPlatform": "desktopweb",
    "retainscrollposition": false,
    "shellCSS": "desktop",
    "snapgridsize": 10,
    "snaptogrid": true,
    "titleBarSkin": "s22e9e87c2624a9eaf067eb88c39b684",
    "titlebar": true,
    "type": 3,
    "wType": "Form"
}