{
    "@class": "com.kony.gen.viz.model.container.KVizSegment2",
    "DNDConfig": null,
    "__parentReadjusting__": false,
    "_data_": [
        [
            {
                "slblCreated": {
                    "@class": "com.viz.ide.model.segment.SimpleTextSegmentData",
                    "text": "Created Date"
                },
                "slblCustName": {
                    "@class": "com.viz.ide.model.segment.SimpleTextSegmentData",
                    "text": "Customer"
                },
                "slblDynamic": {
                    "@class": "com.viz.ide.model.segment.SimpleTextSegmentData",
                    "text": "Assignee"
                },
                "slblPsAssignee": {
                    "@class": "com.viz.ide.model.segment.SimpleTextSegmentData",
                    "text": "PS Assignee"
                },
                "slblSeverity": {
                    "@class": "com.viz.ide.model.segment.SimpleTextSegmentData",
                    "text": "Severity"
                },
                "slblStatus": {
                    "@class": "com.viz.ide.model.segment.SimpleTextSegmentData",
                    "text": "Status"
                },
                "slblTicket": {
                    "@class": "com.viz.ide.model.segment.SimpleTextSegmentData",
                    "text": "TIcket "
                }
            },
            [
                {
                    "lblCreated": {
                        "@class": "com.viz.ide.model.segment.SimpleTextSegmentData",
                        "text": "Created Date"
                    },
                    "lblCustName": {
                        "@class": "com.viz.ide.model.segment.SimpleTextSegmentData",
                        "text": "Customer"
                    },
                    "lblDynamic": {
                        "@class": "com.viz.ide.model.segment.SimpleTextSegmentData",
                        "text": "Assignee"
                    },
                    "lblPsAssignee": {
                        "@class": "com.viz.ide.model.segment.SimpleTextSegmentData",
                        "text": "Created Date"
                    },
                    "lblSeverity": {
                        "@class": "com.viz.ide.model.segment.SimpleTextSegmentData",
                        "text": "Severity"
                    },
                    "lblStatus": {
                        "@class": "com.viz.ide.model.segment.SimpleTextSegmentData",
                        "text": "Status"
                    },
                    "lblTicket": {
                        "@class": "com.viz.ide.model.segment.SimpleTextSegmentData",
                        "text": "RichText"
                    }
                },
                {
                    "lblCreated": {
                        "@class": "com.viz.ide.model.segment.SimpleTextSegmentData",
                        "text": "Created Date"
                    },
                    "lblCustName": {
                        "@class": "com.viz.ide.model.segment.SimpleTextSegmentData",
                        "text": "Customer"
                    },
                    "lblDynamic": {
                        "@class": "com.viz.ide.model.segment.SimpleTextSegmentData",
                        "text": "Assignee"
                    },
                    "lblPsAssignee": {
                        "@class": "com.viz.ide.model.segment.SimpleTextSegmentData",
                        "text": "Created Date"
                    },
                    "lblSeverity": {
                        "@class": "com.viz.ide.model.segment.SimpleTextSegmentData",
                        "text": "Severity"
                    },
                    "lblStatus": {
                        "@class": "com.viz.ide.model.segment.SimpleTextSegmentData",
                        "text": "Status"
                    },
                    "lblTicket": {
                        "@class": "com.viz.ide.model.segment.SimpleTextSegmentData",
                        "text": "RichText"
                    }
                },
                {
                    "lblCreated": {
                        "@class": "com.viz.ide.model.segment.SimpleTextSegmentData",
                        "text": "Created Date"
                    },
                    "lblCustName": {
                        "@class": "com.viz.ide.model.segment.SimpleTextSegmentData",
                        "text": "Customer"
                    },
                    "lblDynamic": {
                        "@class": "com.viz.ide.model.segment.SimpleTextSegmentData",
                        "text": "Assignee"
                    },
                    "lblPsAssignee": {
                        "@class": "com.viz.ide.model.segment.SimpleTextSegmentData",
                        "text": "Created Date"
                    },
                    "lblSeverity": {
                        "@class": "com.viz.ide.model.segment.SimpleTextSegmentData",
                        "text": "Severity"
                    },
                    "lblStatus": {
                        "@class": "com.viz.ide.model.segment.SimpleTextSegmentData",
                        "text": "Status"
                    },
                    "lblTicket": {
                        "@class": "com.viz.ide.model.segment.SimpleTextSegmentData",
                        "text": "RichText"
                    }
                }
            ]
        ]
    ],
    "_height_": {
        "type": "string",
        "value": "94%"
    },
    "_indicator_": "none",
    "_left_": {
        "type": "string",
        "value": "0%"
    },
    "_margin_": [
        0,
        0,
        0,
        0
    ],
    "_orientation_": 2,
    "_padding_": [
        0,
        0,
        0,
        0
    ],
    "_top_": {
        "type": "string",
        "value": "6%"
    },
    "_width_": {
        "type": "string",
        "value": "100%"
    },
    "autogrowmode": 0,
    "canUpdateUI": true,
    "containerweight": 100,
    "counter": "02",
    "disabledSkins": {
        "rowFocusSkin": "s8011a3cbf4848feab14676185dcf7de"
    },
    "focusedindex": null,
    "focuseditem": null,
    "groupcells": false,
    "hasSections": true,
    "id": "segPopupLag",
    "info": null,
    "ipad": {
        "psp": {
            "indicator": "rowselect"
        }
    },
    "iphone": {
        "psp": {
            "indicator": "rowselect"
        }
    },
    "isvisible": true,
    "kuid": "e3929531672b458d89535d12f70124c8",
    "masterdata": {},
    "name": "kony.ui.SegmentedUI2",
    "needpageindicator": true,
    "pageoffdotimage": "pageoffdot.png",
    "pageondotimage": "pageondot.png",
    "paginationconfig": {
        "position": "bottom"
    },
    "parent": "flxPopupLag",
    "pf": "frmDashboard",
    "retainselection": false,
    "rowTemplateId": "e3c32a2059d246f297f5c7e18ad36190",
    "rowcounter": 2,
    "rowskin": "sc5d0b1bc3424350bec05649d5436e39",
    "rowtemplate": "flxRowTemp",
    "screenlevelwidget": false,
    "seccounter": 0,
    "sectionHeaderTemplateId": "c944ead6dea1477e83814308993e36f0",
    "sectionheaderskin": "sf44d7d486854f789658d401638c3115",
    "sectionheadertemplate": "flxHeadTempLag",
    "selectedRows": null,
    "selectedState": false,
    "selectedindex": null,
    "selectedindices": null,
    "selecteditems": null,
    "selectedsectionindex": 0,
    "selectionbehavior": "default",
    "separatorcolor": "64646400",
    "separatorrequired": true,
    "separatorthickness": 1,
    "showscrollbars": false,
    "viewtype": "tableview",
    "wType": "Segment",
    "widgetalignment": 5,
    "widgetdatamap": {
        "flxHeadTempLag": "flxHeadTempLag",
        "flxRowTemp": "flxRowTemp",
        "lblCreated": "lblCreated",
        "lblCustName": "lblCustName",
        "lblDynamic": "lblDynamic",
        "lblPsAssignee": "lblPsAssignee",
        "lblSeverity": "lblSeverity",
        "lblStatus": "lblStatus",
        "lblTicket": "lblTicket",
        "slblCreated": "slblCreated",
        "slblCustName": "slblCustName",
        "slblDynamic": "slblDynamic",
        "slblPsAssignee": "slblPsAssignee",
        "slblSeverity": "slblSeverity",
        "slblStatus": "slblStatus",
        "slblTicket": "slblTicket"
    },
    "zindex": 1
}