{
    "AS_Button_fe985221f0e44895916ee58a97e8aa20": {
        "id": "AS_Button_fe985221f0e44895916ee58a97e8aa20",
        "type": "ACTION_SEQUENCE",
        "params": [{
            "datatype": "collection",
            "name": "eventobject"
        }],
        "contextObj": {
            "name": "frmDashboard",
            "type": "forms",
            "platform": "",
            "KUID": "b050cc760d5244c2a898d2164fd8666a"
        },
        "language": "js",
        "actions": [{
            "id": "INVOKE_FUNCTION___f2d18f84bcd444fe922e6080619c0172",
            "type": "INVOKE_FUNCTION",
            "sequenceKUID": "showPopup",
            "display": "showPopup",
            "inputparams": [{
                "name": "context"
            }],
            "parentId": null,
            "callbackType": null,
            "disabled": null
        }]
    }
}