{
    "AS_Button_d6ad25737adb44af86d5aefccc24cb18": {
        "id": "AS_Button_d6ad25737adb44af86d5aefccc24cb18",
        "type": "ACTION_SEQUENCE",
        "params": [{
            "datatype": "collection",
            "name": "eventobject"
        }],
        "contextObj": {
            "name": "frmDashboard",
            "type": "forms",
            "platform": "",
            "KUID": "b050cc760d5244c2a898d2164fd8666a"
        },
        "language": "js",
        "actions": [{
            "id": "ADD_SNIPPET__b496c88615864d25b70c85e2d7f5abe5",
            "type": "ADD_SNIPPET",
            "codeSnippet": "frmDashboard.flxPopup.setVisibility(false);",
            "parentId": null,
            "callbackType": null
        }]
    }
}