{
    "AS_FlexContainer_a9021af389d5431695bc94a941291ec1": {
        "id": "AS_FlexContainer_a9021af389d5431695bc94a941291ec1",
        "type": "ACTION_SEQUENCE",
        "params": [{
            "datatype": "collection",
            "name": "eventobject"
        }],
        "language": "js",
        "actions": [{
            "id": "INVOKE_FUNCTION___i5ae5217d91c47d0819a411bdb948fb2",
            "type": "INVOKE_FUNCTION",
            "sequenceKUID": "showPS_SJPopup",
            "display": "showPS_SJPopup",
            "inputparams": [{
                "name": "context",
                "value": " eventobject"
            }],
            "parentId": null,
            "disabled": null
        }]
    }
}