{
    "AS_FlexContainer_a4b16230d8d24bb381a062123324e006": {
        "id": "AS_FlexContainer_a4b16230d8d24bb381a062123324e006",
        "type": "ACTION_SEQUENCE",
        "params": [{
            "datatype": "collection",
            "name": "eventobject"
        }],
        "language": "js",
        "actions": [{
            "id": "INVOKE_FUNCTION__ide_onClick_h7e3f2a8c9bd497f86558a330e4a3242",
            "type": "INVOKE_FUNCTION",
            "sequenceKUID": "navigateToView",
            "display": "navigateToView",
            "inputparams": [{
                "name": "context",
                "value": " eventobject"
            }],
            "callbackType": null,
            "disabled": null
        }]
    }
}