{
    "AS_FlexContainer_a8afb219d47348b487fcb1ea1234a523": {
        "id": "AS_FlexContainer_a8afb219d47348b487fcb1ea1234a523",
        "type": "ACTION_SEQUENCE",
        "params": [{
            "datatype": "collection",
            "name": "eventobject"
        }],
        "contextObj": {
            "name": "frmDashboard",
            "type": "forms",
            "platform": "",
            "KUID": "b050cc760d5244c2a898d2164fd8666a"
        },
        "language": "js",
        "actions": [{
            "id": "INVOKE_FUNCTION__ide_onClick_hf272ebaa3ea446e99414ac1b2d18150",
            "type": "INVOKE_FUNCTION",
            "sequenceKUID": "navigateToView",
            "display": "navigateToView",
            "inputparams": [{
                "name": "context",
                "value": " eventobject"
            }],
            "callbackType": null,
            "disabled": null
        }]
    }
}