{
    "AS_FlexContainer_a0918c458d9847f3b65d18be37e6561a": {
        "id": "AS_FlexContainer_a0918c458d9847f3b65d18be37e6561a",
        "type": "ACTION_SEQUENCE",
        "params": [{
            "datatype": "collection",
            "name": "eventobject"
        }],
        "contextObj": {
            "name": "frmDashboard",
            "type": "forms",
            "platform": "",
            "KUID": "b050cc760d5244c2a898d2164fd8666a"
        },
        "language": "js",
        "actions": [{
            "id": "INVOKE_FUNCTION___ifece6bd89a040b2a30455d51e1a2331",
            "type": "INVOKE_FUNCTION",
            "sequenceKUID": "navigateToView",
            "display": "navigateToView",
            "inputparams": [{
                "name": "context",
                "value": " eventobject"
            }],
            "parentId": null,
            "callbackType": null,
            "disabled": null
        }]
    }
}