{
    "AS_FlexContainer_a16f119d297f4a509fbf657096142c2a": {
        "id": "AS_FlexContainer_a16f119d297f4a509fbf657096142c2a",
        "type": "ACTION_SEQUENCE",
        "params": [{
            "datatype": "collection",
            "name": "eventobject"
        }],
        "language": "js",
        "actions": [{
            "id": "ADD_SNIPPET_ide_onClick_b4349c5636fb46038c8ef3f08b8c4eb8",
            "type": "ADD_SNIPPET",
            "codeSnippet": "if(frmDashboard.flxNFBList.isVisible)\n  {\n    frmDashboard.flxNFBList.setVisibility(false);\n  }\nelse\n  {\n     \n    \n    frmDashboard.flxMttrList.setVisibility(false);\n     frmDashboard.flxFirstResBreachedList.setVisibility(false);\n    frmDashboard.flxRBList.setVisibility(false);\n     frmDashboard.flxNFBList.setVisibility(true);\n  }",
            "callbackType": null
        }]
    }
}