{
    "AS_FlexContainer_ac8f6b5ca75d43a78bb450e57661dbd8": {
        "id": "AS_FlexContainer_ac8f6b5ca75d43a78bb450e57661dbd8",
        "type": "ACTION_SEQUENCE",
        "params": [{
            "datatype": "collection",
            "name": "eventobject"
        }],
        "language": "js",
        "actions": [{
            "id": "ADD_SNIPPET_ide_onClick_c52adb4be0ec443fa738b7b77d2661b5",
            "type": "ADD_SNIPPET",
            "codeSnippet": "if(frmDashboard.flxAutoClosureList.isVisible)\n  {\n    frmDashboard.flxAutoClosureList.setVisibility(false);\n    frmDashboard.flxSLA.setVisibility(true);\n  }\nelse\n  {\n    \n     frmDashboard.flxInteractionsList.setVisibility(false);\n    \n     frmDashboard.flxNoFirstResList.setVisibility(false);\n     frmDashboard.flxResToBreachList.setVisibility(false);\n    frmDashboard.flxSLAList.setVisibility(false);\n    \n    frmDashboard.flxSLA.setVisibility(false);\n     frmDashboard.flxAutoClosureList.setVisibility(true);\n    \n      frmDashboard.flxNoFirstResponse.setVisibility(true);\n    frmDashboard.flxResolutionToBreach.top=\"2%\";\n    frmDashboard.flxResolutionToBreach.forceLayout();\n  }\n",
            "callbackType": null
        }]
    }
}