{
    "AS_FlexContainer_a99480931ca5471da702330ae846670e": {
        "id": "AS_FlexContainer_a99480931ca5471da702330ae846670e",
        "type": "ACTION_SEQUENCE",
        "params": [{
            "datatype": "collection",
            "name": "eventobject"
        }],
        "contextObj": {
            "name": "frmDashboard",
            "type": "forms",
            "platform": "",
            "KUID": "b050cc760d5244c2a898d2164fd8666a"
        },
        "language": "js",
        "actions": [{
            "id": "ADD_SNIPPET__jd68d95f406248ad831024afa06b7ac4",
            "type": "ADD_SNIPPET",
            "codeSnippet": "if(frmDashboard.flxPendingList.isVisible)\n  frmDashboard.flxPendingList.setVisibility(false);\nelse\n   frmDashboard.flxPendingList.setVisibility(true);\n   ",
            "parentId": null,
            "callbackType": null
        }]
    }
}