{
    "AS_FlexContainer_a53958344f1a46609091a566b3110f09": {
        "id": "AS_FlexContainer_a53958344f1a46609091a566b3110f09",
        "type": "ACTION_SEQUENCE",
        "params": [{
            "datatype": "collection",
            "name": "eventobject"
        }],
        "contextObj": {
            "name": "frmDashboard",
            "type": "forms",
            "platform": "",
            "KUID": "b050cc760d5244c2a898d2164fd8666a"
        },
        "language": "js",
        "actions": [{
            "id": "INVOKE_FUNCTION__ide_onClick_f2db8b62001c4b8c82cabee5dbdaf2d5",
            "type": "INVOKE_FUNCTION",
            "sequenceKUID": "showInteractionsPopup",
            "display": "showInteractionsPopup",
            "inputparams": [{
                "name": "context",
                "value": " eventobject"
            }],
            "callbackType": null,
            "disabled": null
        }]
    }
}