{
    "AS_FlexContainer_a0c254d1d06243daa0c28a100d4fdbf6": {
        "id": "AS_FlexContainer_a0c254d1d06243daa0c28a100d4fdbf6",
        "type": "ACTION_SEQUENCE",
        "params": [{
            "datatype": "collection",
            "name": "eventobject"
        }],
        "language": "js",
        "actions": [{
            "id": "INVOKE_FUNCTION__ide_onClick_i4f0db03c9b34e48a026827dd8a25c9e",
            "type": "INVOKE_FUNCTION",
            "sequenceKUID": "showNFBPopup",
            "display": "showNFBPopup",
            "inputparams": [{
                "name": "context",
                "value": " eventobject"
            }],
            "callbackType": null,
            "disabled": null
        }]
    }
}