{
    "AS_FlexContainer_a23ddcaf3bca4d9d83a15a0194575519": {
        "id": "AS_FlexContainer_a23ddcaf3bca4d9d83a15a0194575519",
        "type": "ACTION_SEQUENCE",
        "params": [{
            "datatype": "collection",
            "name": "eventobject"
        }],
        "language": "js",
        "actions": [{
            "id": "INVOKE_FUNCTION__ide_onClick_j706a8ad86f944479cb076035c84e91f",
            "type": "INVOKE_FUNCTION",
            "sequenceKUID": "showPendingPopup",
            "display": "showPendingPopup",
            "inputparams": [{
                "name": "context",
                "value": " eventobject"
            }],
            "callbackType": null,
            "disabled": null
        }]
    }
}