{
    "AS_FlexContainer_a0ffab38c71b4de09d86a809495e8442": {
        "id": "AS_FlexContainer_a0ffab38c71b4de09d86a809495e8442",
        "type": "ACTION_SEQUENCE",
        "params": [{
            "datatype": "collection",
            "name": "eventobject"
        }],
        "language": "js",
        "actions": [{
            "id": "INVOKE_FUNCTION__ide_onClick_d12246eee9e94c9e8ea54791859ea601",
            "type": "INVOKE_FUNCTION",
            "sequenceKUID": "showSolvedPopup",
            "display": "showSolvedPopup",
            "inputparams": [{
                "name": "context",
                "value": " eventobject"
            }],
            "callbackType": null,
            "disabled": null
        }]
    }
}